date,nav,scheme_code,scheme_name
2009-01-29,12.0893,102904,JM Equity & Derivative Fund-Bonus-Bonus option
2009-01-28,12.0883,102904,JM Equity & Derivative Fund-Bonus-Bonus option
2009-01-27,12.0868,102904,JM Equity & Derivative Fund-Bonus-Bonus option
2009-01-23,12.0853,102904,JM Equity & Derivative Fund-Bonus-Bonus option
2009-01-22,12.0826,102904,JM Equity & Derivative Fund-Bonus-Bonus option
2009-01-21,12.0815,102904,JM Equity & Derivative Fund-Bonus-Bonus option
2009-01-20,12.0786,102904,JM Equity & Derivative Fund-Bonus-Bonus option
2009-01-19,12.0745,102904,JM Equity & Derivative Fund-Bonus-Bonus option
2009-01-16,12.0678,102904,JM Equity & Derivative Fund-Bonus-Bonus option
2009-01-15,12.0647,102904,JM Equity & Derivative Fund-Bonus-Bonus option
2009-01-14,12.0636,102904,JM Equity & Derivative Fund-Bonus-Bonus option
2009-01-13,12.0637,102904,JM Equity & Derivative Fund-Bonus-Bonus option
2009-01-12,12.0648,102904,JM Equity & Derivative Fund-Bonus-Bonus option
2009-01-09,12.0634,102904,JM Equity & Derivative Fund-Bonus-Bonus option
2009-01-07,12.0603,102904,JM Equity & Derivative Fund-Bonus-Bonus option
2009-01-06,12.0503,102904,JM Equity & Derivative Fund-Bonus-Bonus option
2009-01-05,12.0466,102904,JM Equity & Derivative Fund-Bonus-Bonus option
2009-01-02,12.0479,102904,JM Equity & Derivative Fund-Bonus-Bonus option
2009-01-01,12.0439,102904,JM Equity & Derivative Fund-Bonus-Bonus option
2008-12-31,12.0461,102904,JM Equity & Derivative Fund-Bonus-Bonus option
2008-12-30,12.0412,102904,JM Equity & Derivative Fund-Bonus-Bonus option
2008-12-29,12.0401,102904,JM Equity & Derivative Fund-Bonus-Bonus option
2008-12-26,12.0369,102904,JM Equity & Derivative Fund-Bonus-Bonus option
2008-12-24,12.0281,102904,JM Equity & Derivative Fund-Bonus-Bonus option
2008-12-23,12.0284,102904,JM Equity & Derivative Fund-Bonus-Bonus option
2008-12-22,12.0259,102904,JM Equity & Derivative Fund-Bonus-Bonus option
2008-12-19,12.0247,102904,JM Equity & Derivative Fund-Bonus-Bonus option
2008-12-18,12.0193,102904,JM Equity & Derivative Fund-Bonus-Bonus option
2008-12-17,12.0131,102904,JM Equity & Derivative Fund-Bonus-Bonus option
2008-12-16,12.0103,102904,JM Equity & Derivative Fund-Bonus-Bonus option
2008-12-15,12.004,102904,JM Equity & Derivative Fund-Bonus-Bonus option
2008-12-12,12.0027,102904,JM Equity & Derivative Fund-Bonus-Bonus option
2008-12-11,12.0051,102904,JM Equity & Derivative Fund-Bonus-Bonus option
2008-12-10,11.9935,102904,JM Equity & Derivative Fund-Bonus-Bonus option
2008-12-08,11.9976,102904,JM Equity & Derivative Fund-Bonus-Bonus option
2008-12-05,11.9949,102904,JM Equity & Derivative Fund-Bonus-Bonus option
2008-12-04,11.9905,102904,JM Equity & Derivative Fund-Bonus-Bonus option
2008-12-03,11.9968,102904,JM Equity & Derivative Fund-Bonus-Bonus option
2008-12-02,12.0076,102904,JM Equity & Derivative Fund-Bonus-Bonus option
2008-12-01,11.9698,102904,JM Equity & Derivative Fund-Bonus-Bonus option
2008-11-28,12.0002,102904,JM Equity & Derivative Fund-Bonus-Bonus option
2008-11-26,12.0069,102904,JM Equity & Derivative Fund-Bonus-Bonus option
2008-11-25,11.9768,102904,JM Equity & Derivative Fund-Bonus-Bonus option
2008-11-24,11.9693,102904,JM Equity & Derivative Fund-Bonus-Bonus option
2008-11-21,11.9663,102904,JM Equity & Derivative Fund-Bonus-Bonus option
2008-11-20,11.9709,102904,JM Equity & Derivative Fund-Bonus-Bonus option
2008-11-19,11.9669,102904,JM Equity & Derivative Fund-Bonus-Bonus option
2008-11-18,11.9601,102904,JM Equity & Derivative Fund-Bonus-Bonus option
2008-11-17,11.9537,102904,JM Equity & Derivative Fund-Bonus-Bonus option
2008-11-14,11.9432,102904,JM Equity & Derivative Fund-Bonus-Bonus option
2008-11-12,11.951,102904,JM Equity & Derivative Fund-Bonus-Bonus option
2008-11-11,11.9524,102904,JM Equity & Derivative Fund-Bonus-Bonus option
2008-11-10,11.9388,102904,JM Equity & Derivative Fund-Bonus-Bonus option
2008-11-07,11.9418,102904,JM Equity & Derivative Fund-Bonus-Bonus option
2008-11-06,11.9409,102904,JM Equity & Derivative Fund-Bonus-Bonus option
2008-11-05,11.9469,102904,JM Equity & Derivative Fund-Bonus-Bonus option
2008-11-04,11.9256,102904,JM Equity & Derivative Fund-Bonus-Bonus option
2008-11-03,11.8788,102904,JM Equity & Derivative Fund-Bonus-Bonus option
2008-10-31,11.9368,102904,JM Equity & Derivative Fund-Bonus-Bonus option
2008-10-29,11.9222,102904,JM Equity & Derivative Fund-Bonus-Bonus option
2008-10-27,11.929,102904,JM Equity & Derivative Fund-Bonus-Bonus option
2008-10-24,11.9102,102904,JM Equity & Derivative Fund-Bonus-Bonus option
2008-10-23,11.9106,102904,JM Equity & Derivative Fund-Bonus-Bonus option
2008-10-22,11.9038,102904,JM Equity & Derivative Fund-Bonus-Bonus option
2008-10-21,11.8992,102904,JM Equity & Derivative Fund-Bonus-Bonus option
2008-10-20,11.9144,102904,JM Equity & Derivative Fund-Bonus-Bonus option
2008-10-17,11.8923,102904,JM Equity & Derivative Fund-Bonus-Bonus option
2008-10-16,11.8616,102904,JM Equity & Derivative Fund-Bonus-Bonus option
2008-10-15,11.8868,102904,JM Equity & Derivative Fund-Bonus-Bonus option
2008-10-14,11.8775,102904,JM Equity & Derivative Fund-Bonus-Bonus option
2008-10-13,11.8604,102904,JM Equity & Derivative Fund-Bonus-Bonus option
2008-10-10,11.8736,102904,JM Equity & Derivative Fund-Bonus-Bonus option
2008-10-08,11.8671,102904,JM Equity & Derivative Fund-Bonus-Bonus option
2008-10-07,11.8557,102904,JM Equity & Derivative Fund-Bonus-Bonus option
2008-10-06,11.8892,102904,JM Equity & Derivative Fund-Bonus-Bonus option
2008-10-03,11.8503,102904,JM Equity & Derivative Fund-Bonus-Bonus option
2008-10-01,11.8627,102904,JM Equity & Derivative Fund-Bonus-Bonus option
2008-09-30,11.8687,102904,JM Equity & Derivative Fund-Bonus-Bonus option
2008-09-29,11.8864,102904,JM Equity & Derivative Fund-Bonus-Bonus option
2008-09-26,11.8539,102904,JM Equity & Derivative Fund-Bonus-Bonus option
2008-09-25,11.817,102904,JM Equity & Derivative Fund-Bonus-Bonus option
2008-09-24,11.8258,102904,JM Equity & Derivative Fund-Bonus-Bonus option
2008-09-23,11.8253,102904,JM Equity & Derivative Fund-Bonus-Bonus option
2008-09-22,11.8126,102904,JM Equity & Derivative Fund-Bonus-Bonus option
2008-09-19,11.8065,102904,JM Equity & Derivative Fund-Bonus-Bonus option
2008-09-18,11.8106,102904,JM Equity & Derivative Fund-Bonus-Bonus option
2008-09-17,11.8184,102904,JM Equity & Derivative Fund-Bonus-Bonus option
2008-09-16,11.8031,102904,JM Equity & Derivative Fund-Bonus-Bonus option
2008-09-15,11.8121,102904,JM Equity & Derivative Fund-Bonus-Bonus option
2008-09-12,11.7992,102904,JM Equity & Derivative Fund-Bonus-Bonus option
2008-09-11,11.8,102904,JM Equity & Derivative Fund-Bonus-Bonus option
2008-09-10,11.7963,102904,JM Equity & Derivative Fund-Bonus-Bonus option
2008-09-09,11.7905,102904,JM Equity & Derivative Fund-Bonus-Bonus option
2008-09-08,11.7875,102904,JM Equity & Derivative Fund-Bonus-Bonus option
2008-09-05,11.7903,102904,JM Equity & Derivative Fund-Bonus-Bonus option
2008-09-04,11.7855,102904,JM Equity & Derivative Fund-Bonus-Bonus option
2008-09-02,11.7751,102904,JM Equity & Derivative Fund-Bonus-Bonus option
2008-09-01,11.7842,102904,JM Equity & Derivative Fund-Bonus-Bonus option
2008-08-29,11.7765,102904,JM Equity & Derivative Fund-Bonus-Bonus option
2008-08-28,11.7704,102904,JM Equity & Derivative Fund-Bonus-Bonus option
2008-08-27,11.7703,102904,JM Equity & Derivative Fund-Bonus-Bonus option
2008-08-26,11.7637,102904,JM Equity & Derivative Fund-Bonus-Bonus option
2008-08-25,11.769,102904,JM Equity & Derivative Fund-Bonus-Bonus option
2008-08-22,11.7594,102904,JM Equity & Derivative Fund-Bonus-Bonus option
2008-08-21,11.76,102904,JM Equity & Derivative Fund-Bonus-Bonus option
2008-08-20,11.7528,102904,JM Equity & Derivative Fund-Bonus-Bonus option
2008-08-18,11.7538,102904,JM Equity & Derivative Fund-Bonus-Bonus option
2008-08-14,11.7477,102904,JM Equity & Derivative Fund-Bonus-Bonus option
2008-08-13,11.7405,102904,JM Equity & Derivative Fund-Bonus-Bonus option
2008-08-12,11.7379,102904,JM Equity & Derivative Fund-Bonus-Bonus option
2008-08-11,11.7395,102904,JM Equity & Derivative Fund-Bonus-Bonus option
2008-08-08,11.7246,102904,JM Equity & Derivative Fund-Bonus-Bonus option
2008-08-07,11.7363,102904,JM Equity & Derivative Fund-Bonus-Bonus option
2008-08-06,11.7342,102904,JM Equity & Derivative Fund-Bonus-Bonus option
2008-08-05,11.718,102904,JM Equity & Derivative Fund-Bonus-Bonus option
2008-08-04,11.7234,102904,JM Equity & Derivative Fund-Bonus-Bonus option
2008-08-01,11.7125,102904,JM Equity & Derivative Fund-Bonus-Bonus option
2008-07-31,11.7132,102904,JM Equity & Derivative Fund-Bonus-Bonus option
2008-07-30,11.7134,102904,JM Equity & Derivative Fund-Bonus-Bonus option
2008-07-29,11.716,102904,JM Equity & Derivative Fund-Bonus-Bonus option
2008-07-28,11.7143,102904,JM Equity & Derivative Fund-Bonus-Bonus option
2008-07-25,11.7012,102904,JM Equity & Derivative Fund-Bonus-Bonus option
2008-07-24,11.7016,102904,JM Equity & Derivative Fund-Bonus-Bonus option
2008-07-23,11.6941,102904,JM Equity & Derivative Fund-Bonus-Bonus option
2008-07-22,11.6983,102904,JM Equity & Derivative Fund-Bonus-Bonus option
2008-07-21,11.6926,102904,JM Equity & Derivative Fund-Bonus-Bonus option
2008-07-18,11.6875,102904,JM Equity & Derivative Fund-Bonus-Bonus option
2008-07-17,11.6875,102904,JM Equity & Derivative Fund-Bonus-Bonus option
2008-07-16,11.687,102904,JM Equity & Derivative Fund-Bonus-Bonus option
2008-07-15,11.6866,102904,JM Equity & Derivative Fund-Bonus-Bonus option
2008-07-14,11.6805,102904,JM Equity & Derivative Fund-Bonus-Bonus option
2008-07-11,11.6786,102904,JM Equity & Derivative Fund-Bonus-Bonus option
2008-07-10,11.675,102904,JM Equity & Derivative Fund-Bonus-Bonus option
2008-07-09,11.6721,102904,JM Equity & Derivative Fund-Bonus-Bonus option
2008-07-08,11.669,102904,JM Equity & Derivative Fund-Bonus-Bonus option
2008-07-07,11.675,102904,JM Equity & Derivative Fund-Bonus-Bonus option
2008-07-04,11.6619,102904,JM Equity & Derivative Fund-Bonus-Bonus option
2008-07-03,11.6603,102904,JM Equity & Derivative Fund-Bonus-Bonus option
2008-07-02,11.6556,102904,JM Equity & Derivative Fund-Bonus-Bonus option
2008-07-01,11.6647,102904,JM Equity & Derivative Fund-Bonus-Bonus option
2008-06-30,11.6615,102904,JM Equity & Derivative Fund-Bonus-Bonus option
2008-06-27,11.6559,102904,JM Equity & Derivative Fund-Bonus-Bonus option
2008-06-26,11.6427,102904,JM Equity & Derivative Fund-Bonus-Bonus option
2008-06-25,11.6435,102904,JM Equity & Derivative Fund-Bonus-Bonus option
2008-06-24,11.6431,102904,JM Equity & Derivative Fund-Bonus-Bonus option
2008-06-23,11.6435,102904,JM Equity & Derivative Fund-Bonus-Bonus option
2008-06-20,11.6401,102904,JM Equity & Derivative Fund-Bonus-Bonus option
2008-06-19,11.6349,102904,JM Equity & Derivative Fund-Bonus-Bonus option
2008-06-18,11.634,102904,JM Equity & Derivative Fund-Bonus-Bonus option
2008-06-17,11.6276,102904,JM Equity & Derivative Fund-Bonus-Bonus option
2008-06-16,11.6311,102904,JM Equity & Derivative Fund-Bonus-Bonus option
2008-06-13,11.6249,102904,JM Equity & Derivative Fund-Bonus-Bonus option
2008-06-12,11.6213,102904,JM Equity & Derivative Fund-Bonus-Bonus option
2008-06-11,11.6243,102904,JM Equity & Derivative Fund-Bonus-Bonus option
2008-06-10,11.6211,102904,JM Equity & Derivative Fund-Bonus-Bonus option
2008-06-09,11.6269,102904,JM Equity & Derivative Fund-Bonus-Bonus option
2008-06-06,11.6183,102904,JM Equity & Derivative Fund-Bonus-Bonus option
2008-06-05,11.6122,102904,JM Equity & Derivative Fund-Bonus-Bonus option
2008-06-04,11.6099,102904,JM Equity & Derivative Fund-Bonus-Bonus option
2008-06-03,11.6025,102904,JM Equity & Derivative Fund-Bonus-Bonus option
2008-06-02,11.6147,102904,JM Equity & Derivative Fund-Bonus-Bonus option
2008-05-30,11.601,102904,JM Equity & Derivative Fund-Bonus-Bonus option
2008-05-29,11.5931,102904,JM Equity & Derivative Fund-Bonus-Bonus option
2008-05-28,11.5983,102904,JM Equity & Derivative Fund-Bonus-Bonus option
2008-05-27,11.6011,102904,JM Equity & Derivative Fund-Bonus-Bonus option
2008-05-26,11.5951,102904,JM Equity & Derivative Fund-Bonus-Bonus option
2008-05-23,11.5943,102904,JM Equity & Derivative Fund-Bonus-Bonus option
2008-05-22,11.5871,102904,JM Equity & Derivative Fund-Bonus-Bonus option
2008-05-21,11.5794,102904,JM Equity & Derivative Fund-Bonus-Bonus option
2008-05-20,11.5855,102904,JM Equity & Derivative Fund-Bonus-Bonus option
2008-05-16,11.5773,102904,JM Equity & Derivative Fund-Bonus-Bonus option
2008-05-15,11.5772,102904,JM Equity & Derivative Fund-Bonus-Bonus option
2008-05-14,11.5727,102904,JM Equity & Derivative Fund-Bonus-Bonus option
2008-05-13,11.5857,102904,JM Equity & Derivative Fund-Bonus-Bonus option
2008-05-12,11.5673,102904,JM Equity & Derivative Fund-Bonus-Bonus option
2008-05-09,11.5797,102904,JM Equity & Derivative Fund-Bonus-Bonus option
2008-05-08,11.569,102904,JM Equity & Derivative Fund-Bonus-Bonus option
2008-05-07,11.5646,102904,JM Equity & Derivative Fund-Bonus-Bonus option
2008-05-06,11.5654,102904,JM Equity & Derivative Fund-Bonus-Bonus option
2008-05-05,11.5699,102904,JM Equity & Derivative Fund-Bonus-Bonus option
2008-05-02,11.5523,102904,JM Equity & Derivative Fund-Bonus-Bonus option
2008-04-30,11.5487,102904,JM Equity & Derivative Fund-Bonus-Bonus option
2008-04-29,11.5447,102904,JM Equity & Derivative Fund-Bonus-Bonus option
2008-04-28,11.549,102904,JM Equity & Derivative Fund-Bonus-Bonus option
2008-04-25,11.5435,102904,JM Equity & Derivative Fund-Bonus-Bonus option
2008-04-24,11.5456,102904,JM Equity & Derivative Fund-Bonus-Bonus option
2008-04-23,11.5387,102904,JM Equity & Derivative Fund-Bonus-Bonus option
2008-04-22,11.5397,102904,JM Equity & Derivative Fund-Bonus-Bonus option
2008-04-21,11.5348,102904,JM Equity & Derivative Fund-Bonus-Bonus option
2008-04-17,11.5281,102904,JM Equity & Derivative Fund-Bonus-Bonus option
2008-04-16,11.5263,102904,JM Equity & Derivative Fund-Bonus-Bonus option
2008-04-15,11.5208,102904,JM Equity & Derivative Fund-Bonus-Bonus option
2008-04-11,11.5242,102904,JM Equity & Derivative Fund-Bonus-Bonus option
2008-04-10,11.5223,102904,JM Equity & Derivative Fund-Bonus-Bonus option
2008-04-09,11.5195,102904,JM Equity & Derivative Fund-Bonus-Bonus option
2008-04-08,11.5176,102904,JM Equity & Derivative Fund-Bonus-Bonus option
2008-04-07,11.5157,102904,JM Equity & Derivative Fund-Bonus-Bonus option
2008-04-04,11.5132,102904,JM Equity & Derivative Fund-Bonus-Bonus option
2008-04-03,11.5139,102904,JM Equity & Derivative Fund-Bonus-Bonus option
2008-04-02,11.5076,102904,JM Equity & Derivative Fund-Bonus-Bonus option
2008-04-01,11.5093,102904,JM Equity & Derivative Fund-Bonus-Bonus option
2008-03-31,11.5166,102904,JM Equity & Derivative Fund-Bonus-Bonus option
2008-03-28,11.5011,102904,JM Equity & Derivative Fund-Bonus-Bonus option
2008-03-27,11.4963,102904,JM Equity & Derivative Fund-Bonus-Bonus option
2008-03-26,11.4943,102904,JM Equity & Derivative Fund-Bonus-Bonus option
2008-03-25,11.4962,102904,JM Equity & Derivative Fund-Bonus-Bonus option
2008-03-24,11.4948,102904,JM Equity & Derivative Fund-Bonus-Bonus option
2008-03-19,11.4829,102904,JM Equity & Derivative Fund-Bonus-Bonus option
2008-03-18,11.4817,102904,JM Equity & Derivative Fund-Bonus-Bonus option
2008-03-17,11.4863,102904,JM Equity & Derivative Fund-Bonus-Bonus option
2008-03-14,11.4755,102904,JM Equity & Derivative Fund-Bonus-Bonus option
2008-03-13,11.4748,102904,JM Equity & Derivative Fund-Bonus-Bonus option
2008-03-12,11.478,102904,JM Equity & Derivative Fund-Bonus-Bonus option
2008-03-11,11.473,102904,JM Equity & Derivative Fund-Bonus-Bonus option
2008-03-10,11.4682,102904,JM Equity & Derivative Fund-Bonus-Bonus option
2008-03-07,11.4669,102904,JM Equity & Derivative Fund-Bonus-Bonus option
2008-03-05,11.4628,102904,JM Equity & Derivative Fund-Bonus-Bonus option
2008-03-04,11.4586,102904,JM Equity & Derivative Fund-Bonus-Bonus option
2008-03-03,11.4666,102904,JM Equity & Derivative Fund-Bonus-Bonus option
2008-02-29,11.4574,102904,JM Equity & Derivative Fund-Bonus-Bonus option
2008-02-28,11.4529,102904,JM Equity & Derivative Fund-Bonus-Bonus option
2008-02-27,11.4454,102904,JM Equity & Derivative Fund-Bonus-Bonus option
2008-02-26,11.4453,102904,JM Equity & Derivative Fund-Bonus-Bonus option
2008-02-25,11.4248,102904,JM Equity & Derivative Fund-Bonus-Bonus option
2008-02-22,11.4349,102904,JM Equity & Derivative Fund-Bonus-Bonus option
2008-02-21,11.4308,102904,JM Equity & Derivative Fund-Bonus-Bonus option
2008-02-20,11.4333,102904,JM Equity & Derivative Fund-Bonus-Bonus option
2008-02-19,11.4296,102904,JM Equity & Derivative Fund-Bonus-Bonus option
2008-02-18,11.4276,102904,JM Equity & Derivative Fund-Bonus-Bonus option
2008-02-15,11.4221,102904,JM Equity & Derivative Fund-Bonus-Bonus option
2008-02-14,11.4167,102904,JM Equity & Derivative Fund-Bonus-Bonus option
2008-02-13,11.4151,102904,JM Equity & Derivative Fund-Bonus-Bonus option
2008-02-12,11.4272,102904,JM Equity & Derivative Fund-Bonus-Bonus option
2008-02-11,11.4181,102904,JM Equity & Derivative Fund-Bonus-Bonus option
2008-02-08,11.4168,102904,JM Equity & Derivative Fund-Bonus-Bonus option
2008-02-07,11.4182,102904,JM Equity & Derivative Fund-Bonus-Bonus option
2008-02-06,11.4063,102904,JM Equity & Derivative Fund-Bonus-Bonus option
2008-02-05,11.4059,102904,JM Equity & Derivative Fund-Bonus-Bonus option
2008-02-04,11.4077,102904,JM Equity & Derivative Fund-Bonus-Bonus option
2008-02-01,11.398,102904,JM Equity & Derivative Fund-Bonus-Bonus option
2008-01-31,11.3971,102904,JM Equity & Derivative Fund-Bonus-Bonus option
2008-01-30,11.3986,102904,JM Equity & Derivative Fund-Bonus-Bonus option
2008-01-29,11.3895,102904,JM Equity & Derivative Fund-Bonus-Bonus option
2008-01-28,11.3887,102904,JM Equity & Derivative Fund-Bonus-Bonus option
2008-01-25,11.3847,102904,JM Equity & Derivative Fund-Bonus-Bonus option
2008-01-24,11.3823,102904,JM Equity & Derivative Fund-Bonus-Bonus option
2008-01-23,11.3914,102904,JM Equity & Derivative Fund-Bonus-Bonus option
2008-01-22,11.4224,102904,JM Equity & Derivative Fund-Bonus-Bonus option
2008-01-21,11.3616,102904,JM Equity & Derivative Fund-Bonus-Bonus option
2008-01-18,11.3552,102904,JM Equity & Derivative Fund-Bonus-Bonus option
2008-01-17,11.338,102904,JM Equity & Derivative Fund-Bonus-Bonus option
2008-01-16,11.3332,102904,JM Equity & Derivative Fund-Bonus-Bonus option
2008-01-15,11.3549,102904,JM Equity & Derivative Fund-Bonus-Bonus option
2008-01-14,11.3382,102904,JM Equity & Derivative Fund-Bonus-Bonus option
2008-01-11,11.3334,102904,JM Equity & Derivative Fund-Bonus-Bonus option
2008-01-10,11.3444,102904,JM Equity & Derivative Fund-Bonus-Bonus option
2008-01-09,11.3275,102904,JM Equity & Derivative Fund-Bonus-Bonus option
2008-01-08,11.323,102904,JM Equity & Derivative Fund-Bonus-Bonus option
2008-01-07,11.3161,102904,JM Equity & Derivative Fund-Bonus-Bonus option
2008-01-04,11.3108,102904,JM Equity & Derivative Fund-Bonus-Bonus option
2008-01-03,11.3081,102904,JM Equity & Derivative Fund-Bonus-Bonus option
2008-01-02,11.3004,102904,JM Equity & Derivative Fund-Bonus-Bonus option
2008-01-01,11.2874,102904,JM Equity & Derivative Fund-Bonus-Bonus option
2007-12-31,11.2679,102904,JM Equity & Derivative Fund-Bonus-Bonus option
2007-12-28,11.2749,102904,JM Equity & Derivative Fund-Bonus-Bonus option
2007-12-27,11.2422,102904,JM Equity & Derivative Fund-Bonus-Bonus option
2007-12-26,11.266,102904,JM Equity & Derivative Fund-Bonus-Bonus option
2007-12-24,11.2609,102904,JM Equity & Derivative Fund-Bonus-Bonus option
2007-12-20,11.2641,102904,JM Equity & Derivative Fund-Bonus-Bonus option
2007-12-19,11.2587,102904,JM Equity & Derivative Fund-Bonus-Bonus option
2007-12-18,11.2512,102904,JM Equity & Derivative Fund-Bonus-Bonus option
2007-12-17,11.2601,102904,JM Equity & Derivative Fund-Bonus-Bonus option
2007-12-14,11.2497,102904,JM Equity & Derivative Fund-Bonus-Bonus option
2007-12-13,11.2589,102904,JM Equity & Derivative Fund-Bonus-Bonus option
2007-12-12,11.2453,102904,JM Equity & Derivative Fund-Bonus-Bonus option
2007-12-11,11.2458,102904,JM Equity & Derivative Fund-Bonus-Bonus option
2007-12-10,11.2455,102904,JM Equity & Derivative Fund-Bonus-Bonus option
2007-12-07,11.2404,102904,JM Equity & Derivative Fund-Bonus-Bonus option
2007-12-06,11.2525,102904,JM Equity & Derivative Fund-Bonus-Bonus option
2007-12-05,11.2287,102904,JM Equity & Derivative Fund-Bonus-Bonus option
2007-12-04,11.2414,102904,JM Equity & Derivative Fund-Bonus-Bonus option
2007-12-03,11.2421,102904,JM Equity & Derivative Fund-Bonus-Bonus option
2007-11-30,11.2248,102904,JM Equity & Derivative Fund-Bonus-Bonus option
2007-11-29,11.1911,102904,JM Equity & Derivative Fund-Bonus-Bonus option
2007-11-28,11.2142,102904,JM Equity & Derivative Fund-Bonus-Bonus option
2007-11-27,11.2143,102904,JM Equity & Derivative Fund-Bonus-Bonus option
2007-11-26,11.2162,102904,JM Equity & Derivative Fund-Bonus-Bonus option
2007-11-23,11.1883,102904,JM Equity & Derivative Fund-Bonus-Bonus option
2007-11-22,11.2055,102904,JM Equity & Derivative Fund-Bonus-Bonus option
2007-11-21,11.21,102904,JM Equity & Derivative Fund-Bonus-Bonus option
2007-11-20,11.1903,102904,JM Equity & Derivative Fund-Bonus-Bonus option
2007-11-19,11.1728,102904,JM Equity & Derivative Fund-Bonus-Bonus option
2007-11-16,11.1947,102904,JM Equity & Derivative Fund-Bonus-Bonus option
2007-11-15,11.189,102904,JM Equity & Derivative Fund-Bonus-Bonus option
2007-11-14,11.1793,102904,JM Equity & Derivative Fund-Bonus-Bonus option
2007-11-13,11.1681,102904,JM Equity & Derivative Fund-Bonus-Bonus option
2007-11-12,11.1637,102904,JM Equity & Derivative Fund-Bonus-Bonus option
2007-11-08,11.1501,102904,JM Equity & Derivative Fund-Bonus-Bonus option
2007-11-07,11.158,102904,JM Equity & Derivative Fund-Bonus-Bonus option
2007-11-06,11.1698,102904,JM Equity & Derivative Fund-Bonus-Bonus option
2007-11-05,11.1643,102904,JM Equity & Derivative Fund-Bonus-Bonus option
2007-11-02,11.1406,102904,JM Equity & Derivative Fund-Bonus-Bonus option
2007-11-01,11.1741,102904,JM Equity & Derivative Fund-Bonus-Bonus option
2007-10-31,11.1541,102904,JM Equity & Derivative Fund-Bonus-Bonus option
2007-10-30,11.1471,102904,JM Equity & Derivative Fund-Bonus-Bonus option
2007-10-29,11.1519,102904,JM Equity & Derivative Fund-Bonus-Bonus option
2007-10-26,11.1405,102904,JM Equity & Derivative Fund-Bonus-Bonus option
2007-10-25,11.1387,102904,JM Equity & Derivative Fund-Bonus-Bonus option
2007-10-24,11.1451,102904,JM Equity & Derivative Fund-Bonus-Bonus option
2007-10-23,11.1488,102904,JM Equity & Derivative Fund-Bonus-Bonus option
2007-10-22,11.1377,102904,JM Equity & Derivative Fund-Bonus-Bonus option
2007-10-19,11.1308,102904,JM Equity & Derivative Fund-Bonus-Bonus option
2007-10-18,11.1293,102904,JM Equity & Derivative Fund-Bonus-Bonus option
2007-10-17,11.1102,102904,JM Equity & Derivative Fund-Bonus-Bonus option
2007-10-16,11.1067,102904,JM Equity & Derivative Fund-Bonus-Bonus option
2007-10-15,11.1153,102904,JM Equity & Derivative Fund-Bonus-Bonus option
2007-10-12,11.1226,102904,JM Equity & Derivative Fund-Bonus-Bonus option
2007-10-11,11.1086,102904,JM Equity & Derivative Fund-Bonus-Bonus option
2007-10-10,11.1076,102904,JM Equity & Derivative Fund-Bonus-Bonus option
2007-10-09,11.1097,102904,JM Equity & Derivative Fund-Bonus-Bonus option
2007-10-08,11.1216,102904,JM Equity & Derivative Fund-Bonus-Bonus option
2007-10-05,11.101,102904,JM Equity & Derivative Fund-Bonus-Bonus option
2007-10-04,11.0925,102904,JM Equity & Derivative Fund-Bonus-Bonus option
2007-10-03,11.0941,102904,JM Equity & Derivative Fund-Bonus-Bonus option
2007-10-01,11.0798,102904,JM Equity & Derivative Fund-Bonus-Bonus option
2007-09-28,11.0639,102904,JM Equity & Derivative Fund-Bonus-Bonus option
2007-09-27,11.0622,102904,JM Equity & Derivative Fund-Bonus-Bonus option
2007-09-26,11.0617,102904,JM Equity & Derivative Fund-Bonus-Bonus option
2007-09-25,11.0631,102904,JM Equity & Derivative Fund-Bonus-Bonus option
2007-09-24,11.0564,102904,JM Equity & Derivative Fund-Bonus-Bonus option
2007-09-21,11.0465,102904,JM Equity & Derivative Fund-Bonus-Bonus option
2007-09-20,11.0473,102904,JM Equity & Derivative Fund-Bonus-Bonus option
2007-09-19,11.0437,102904,JM Equity & Derivative Fund-Bonus-Bonus option
2007-09-18,11.0358,102904,JM Equity & Derivative Fund-Bonus-Bonus option
2007-09-17,11.0437,102904,JM Equity & Derivative Fund-Bonus-Bonus option
2007-09-14,11.0392,102904,JM Equity & Derivative Fund-Bonus-Bonus option
2007-09-13,11.0348,102904,JM Equity & Derivative Fund-Bonus-Bonus option
2007-09-12,11.0319,102904,JM Equity & Derivative Fund-Bonus-Bonus option
2007-09-11,11.0366,102904,JM Equity & Derivative Fund-Bonus-Bonus option
2007-09-10,11.0282,102904,JM Equity & Derivative Fund-Bonus-Bonus option
2007-09-07,11.0272,102904,JM Equity & Derivative Fund-Bonus-Bonus option
2007-09-06,11.0182,102904,JM Equity & Derivative Fund-Bonus-Bonus option
2007-09-05,11.0248,102904,JM Equity & Derivative Fund-Bonus-Bonus option
2007-09-04,11.0218,102904,JM Equity & Derivative Fund-Bonus-Bonus option
2007-09-03,11.0127,102904,JM Equity & Derivative Fund-Bonus-Bonus option
2007-08-31,11.0087,102904,JM Equity & Derivative Fund-Bonus-Bonus option
2007-08-30,10.9965,102904,JM Equity & Derivative Fund-Bonus-Bonus option
2007-08-29,10.9912,102904,JM Equity & Derivative Fund-Bonus-Bonus option
2007-08-28,10.9958,102904,JM Equity & Derivative Fund-Bonus-Bonus option
2007-08-27,10.9923,102904,JM Equity & Derivative Fund-Bonus-Bonus option
2007-08-24,10.9804,102904,JM Equity & Derivative Fund-Bonus-Bonus option
2007-08-23,10.9863,102904,JM Equity & Derivative Fund-Bonus-Bonus option
2007-08-22,10.982,102904,JM Equity & Derivative Fund-Bonus-Bonus option
2007-08-21,10.9838,102904,JM Equity & Derivative Fund-Bonus-Bonus option
2007-08-20,10.9723,102904,JM Equity & Derivative Fund-Bonus-Bonus option
2007-08-17,10.9697,102904,JM Equity & Derivative Fund-Bonus-Bonus option
2007-08-16,10.9737,102904,JM Equity & Derivative Fund-Bonus-Bonus option
2007-08-14,10.9606,102904,JM Equity & Derivative Fund-Bonus-Bonus option
2007-08-13,10.959,102904,JM Equity & Derivative Fund-Bonus-Bonus option
2007-08-10,10.9579,102904,JM Equity & Derivative Fund-Bonus-Bonus option
2007-08-09,10.9623,102904,JM Equity & Derivative Fund-Bonus-Bonus option
2007-08-08,10.9484,102904,JM Equity & Derivative Fund-Bonus-Bonus option
2007-08-07,10.9479,102904,JM Equity & Derivative Fund-Bonus-Bonus option
2007-08-06,10.9474,102904,JM Equity & Derivative Fund-Bonus-Bonus option
2007-08-03,10.9538,102904,JM Equity & Derivative Fund-Bonus-Bonus option
2007-08-02,10.9494,102904,JM Equity & Derivative Fund-Bonus-Bonus option
2007-08-01,10.9605,102904,JM Equity & Derivative Fund-Bonus-Bonus option
2007-07-31,10.9233,102904,JM Equity & Derivative Fund-Bonus-Bonus option
2007-07-30,10.9268,102904,JM Equity & Derivative Fund-Bonus-Bonus option
2007-07-27,10.9218,102904,JM Equity & Derivative Fund-Bonus-Bonus option
2007-07-26,10.8944,102904,JM Equity & Derivative Fund-Bonus-Bonus option
2007-07-25,10.8947,102904,JM Equity & Derivative Fund-Bonus-Bonus option
2007-07-24,10.899,102904,JM Equity & Derivative Fund-Bonus-Bonus option
2007-07-23,10.8941,102904,JM Equity & Derivative Fund-Bonus-Bonus option
2007-07-20,10.8877,102904,JM Equity & Derivative Fund-Bonus-Bonus option
2007-07-19,10.8729,102904,JM Equity & Derivative Fund-Bonus-Bonus option
2007-07-18,10.8729,102904,JM Equity & Derivative Fund-Bonus-Bonus option
2007-07-17,10.8735,102904,JM Equity & Derivative Fund-Bonus-Bonus option
2007-07-16,10.8638,102904,JM Equity & Derivative Fund-Bonus-Bonus option
2007-07-13,10.8596,102904,JM Equity & Derivative Fund-Bonus-Bonus option
2007-07-12,10.8555,102904,JM Equity & Derivative Fund-Bonus-Bonus option
2007-07-11,10.8483,102904,JM Equity & Derivative Fund-Bonus-Bonus option
2007-07-10,10.8612,102904,JM Equity & Derivative Fund-Bonus-Bonus option
2007-07-09,10.8502,102904,JM Equity & Derivative Fund-Bonus-Bonus option
2007-07-06,10.8503,102904,JM Equity & Derivative Fund-Bonus-Bonus option
2007-07-05,10.8519,102904,JM Equity & Derivative Fund-Bonus-Bonus option
2007-07-04,10.8453,102904,JM Equity & Derivative Fund-Bonus-Bonus option
2007-07-03,10.8391,102904,JM Equity & Derivative Fund-Bonus-Bonus option
2007-07-02,10.8405,102904,JM Equity & Derivative Fund-Bonus-Bonus option
2007-06-29,10.8285,102904,JM Equity & Derivative Fund-Bonus-Bonus option
2007-06-28,10.8238,102904,JM Equity & Derivative Fund-Bonus-Bonus option
2007-06-27,10.8213,102904,JM Equity & Derivative Fund-Bonus-Bonus option
2007-06-26,10.8224,102904,JM Equity & Derivative Fund-Bonus-Bonus option
2007-06-25,10.8206,102904,JM Equity & Derivative Fund-Bonus-Bonus option
2007-06-22,10.8146,102904,JM Equity & Derivative Fund-Bonus-Bonus option
2007-06-21,10.8114,102904,JM Equity & Derivative Fund-Bonus-Bonus option
2007-06-20,10.8091,102904,JM Equity & Derivative Fund-Bonus-Bonus option
2007-06-19,10.8029,102904,JM Equity & Derivative Fund-Bonus-Bonus option
2007-06-18,10.8086,102904,JM Equity & Derivative Fund-Bonus-Bonus option
2007-06-15,10.8007,102904,JM Equity & Derivative Fund-Bonus-Bonus option
2007-06-14,10.7952,102904,JM Equity & Derivative Fund-Bonus-Bonus option
2007-06-13,10.8001,102904,JM Equity & Derivative Fund-Bonus-Bonus option
2007-06-12,10.7945,102904,JM Equity & Derivative Fund-Bonus-Bonus option
2007-06-11,10.7971,102904,JM Equity & Derivative Fund-Bonus-Bonus option
2007-06-08,10.7869,102904,JM Equity & Derivative Fund-Bonus-Bonus option
2007-06-07,10.7788,102904,JM Equity & Derivative Fund-Bonus-Bonus option
2007-06-06,10.78,102904,JM Equity & Derivative Fund-Bonus-Bonus option
2007-06-05,10.77,102904,JM Equity & Derivative Fund-Bonus-Bonus option
2007-06-04,10.7785,102904,JM Equity & Derivative Fund-Bonus-Bonus option
2007-06-01,10.7642,102904,JM Equity & Derivative Fund-Bonus-Bonus option
2007-05-31,10.7542,102904,JM Equity & Derivative Fund-Bonus-Bonus option
2007-05-30,10.7571,102904,JM Equity & Derivative Fund-Bonus-Bonus option
2007-05-29,10.7553,102904,JM Equity & Derivative Fund-Bonus-Bonus option
2007-05-28,10.7512,102904,JM Equity & Derivative Fund-Bonus-Bonus option
2007-05-25,10.7526,102904,JM Equity & Derivative Fund-Bonus-Bonus option
2007-05-24,10.7738,102904,JM Equity & Derivative Fund-Bonus-Bonus option
2007-05-23,10.7703,102904,JM Equity & Derivative Fund-Bonus-Bonus option
2007-05-22,10.764,102904,JM Equity & Derivative Fund-Bonus-Bonus option
2007-05-21,10.765,102904,JM Equity & Derivative Fund-Bonus-Bonus option
2007-05-18,10.7537,102904,JM Equity & Derivative Fund-Bonus-Bonus option
2007-05-17,10.7582,102904,JM Equity & Derivative Fund-Bonus-Bonus option
2007-05-16,10.7507,102904,JM Equity & Derivative Fund-Bonus-Bonus option
2007-05-15,10.7505,102904,JM Equity & Derivative Fund-Bonus-Bonus option
2007-05-14,10.7447,102904,JM Equity & Derivative Fund-Bonus-Bonus option
2007-05-11,10.7512,102904,JM Equity & Derivative Fund-Bonus-Bonus option
2007-05-10,10.7561,102904,JM Equity & Derivative Fund-Bonus-Bonus option
2007-05-09,10.741,102904,JM Equity & Derivative Fund-Bonus-Bonus option
2007-05-08,10.7538,102904,JM Equity & Derivative Fund-Bonus-Bonus option
2007-05-07,10.7437,102904,JM Equity & Derivative Fund-Bonus-Bonus option
2007-05-04,10.7268,102904,JM Equity & Derivative Fund-Bonus-Bonus option
2007-05-03,10.7248,102904,JM Equity & Derivative Fund-Bonus-Bonus option
2007-04-30,10.7222,102904,JM Equity & Derivative Fund-Bonus-Bonus option
2007-04-27,10.7254,102904,JM Equity & Derivative Fund-Bonus-Bonus option
2007-04-26,10.7119,102904,JM Equity & Derivative Fund-Bonus-Bonus option
2007-04-25,10.7067,102904,JM Equity & Derivative Fund-Bonus-Bonus option
2007-04-24,10.7085,102904,JM Equity & Derivative Fund-Bonus-Bonus option
2007-04-23,10.7069,102904,JM Equity & Derivative Fund-Bonus-Bonus option
2007-04-20,10.7003,102904,JM Equity & Derivative Fund-Bonus-Bonus option
2007-04-19,10.6977,102904,JM Equity & Derivative Fund-Bonus-Bonus option
2007-04-18,10.6987,102904,JM Equity & Derivative Fund-Bonus-Bonus option
2007-04-17,10.6987,102904,JM Equity & Derivative Fund-Bonus-Bonus option
2007-04-16,10.6937,102904,JM Equity & Derivative Fund-Bonus-Bonus option
2007-04-13,10.6898,102904,JM Equity & Derivative Fund-Bonus-Bonus option
2007-04-12,10.6907,102904,JM Equity & Derivative Fund-Bonus-Bonus option
2007-04-11,10.6893,102904,JM Equity & Derivative Fund-Bonus-Bonus option
2007-04-10,10.6879,102904,JM Equity & Derivative Fund-Bonus-Bonus option
2007-04-09,10.6839,102904,JM Equity & Derivative Fund-Bonus-Bonus option
2007-04-05,10.684,102904,JM Equity & Derivative Fund-Bonus-Bonus option
2007-04-04,10.6824,102904,JM Equity & Derivative Fund-Bonus-Bonus option
2007-04-03,10.6814,102904,JM Equity & Derivative Fund-Bonus-Bonus option
2007-04-02,10.6844,102904,JM Equity & Derivative Fund-Bonus-Bonus option
2007-03-30,10.6696,102904,JM Equity & Derivative Fund-Bonus-Bonus option
2007-03-29,10.6466,102904,JM Equity & Derivative Fund-Bonus-Bonus option
2007-03-28,10.6492,102904,JM Equity & Derivative Fund-Bonus-Bonus option
2007-03-26,10.6482,102904,JM Equity & Derivative Fund-Bonus-Bonus option
2007-03-23,10.6439,102904,JM Equity & Derivative Fund-Bonus-Bonus option
2007-03-22,10.6408,102904,JM Equity & Derivative Fund-Bonus-Bonus option
2007-03-21,10.6403,102904,JM Equity & Derivative Fund-Bonus-Bonus option
2007-03-20,10.6449,102904,JM Equity & Derivative Fund-Bonus-Bonus option
2007-03-19,10.6387,102904,JM Equity & Derivative Fund-Bonus-Bonus option
2007-03-16,10.6428,102904,JM Equity & Derivative Fund-Bonus-Bonus option
2007-03-15,10.6449,102904,JM Equity & Derivative Fund-Bonus-Bonus option
2007-03-14,10.6435,102904,JM Equity & Derivative Fund-Bonus-Bonus option
2007-03-13,10.6289,102904,JM Equity & Derivative Fund-Bonus-Bonus option
2007-03-12,10.6272,102904,JM Equity & Derivative Fund-Bonus-Bonus option
2007-03-09,10.6267,102904,JM Equity & Derivative Fund-Bonus-Bonus option
2007-03-08,10.6233,102904,JM Equity & Derivative Fund-Bonus-Bonus option
2007-03-07,10.6242,102904,JM Equity & Derivative Fund-Bonus-Bonus option
2007-03-06,10.6179,102904,JM Equity & Derivative Fund-Bonus-Bonus option
2007-03-05,10.625,102904,JM Equity & Derivative Fund-Bonus-Bonus option
2007-03-02,10.6141,102904,JM Equity & Derivative Fund-Bonus-Bonus option
2007-03-01,10.6039,102904,JM Equity & Derivative Fund-Bonus-Bonus option
2007-02-28,10.6138,102904,JM Equity & Derivative Fund-Bonus-Bonus option
2007-02-27,10.6014,102904,JM Equity & Derivative Fund-Bonus-Bonus option
2007-02-26,10.5854,102904,JM Equity & Derivative Fund-Bonus-Bonus option
2007-02-23,10.5951,102904,JM Equity & Derivative Fund-Bonus-Bonus option
2007-02-22,10.5601,102904,JM Equity & Derivative Fund-Bonus-Bonus option
2007-02-21,10.5656,102904,JM Equity & Derivative Fund-Bonus-Bonus option
2007-02-20,10.5698,102904,JM Equity & Derivative Fund-Bonus-Bonus option
2007-02-19,10.5681,102904,JM Equity & Derivative Fund-Bonus-Bonus option
2007-02-15,10.5584,102904,JM Equity & Derivative Fund-Bonus-Bonus option
2007-02-14,10.5577,102904,JM Equity & Derivative Fund-Bonus-Bonus option
2007-02-13,10.5616,102904,JM Equity & Derivative Fund-Bonus-Bonus option
2007-02-12,10.5697,102904,JM Equity & Derivative Fund-Bonus-Bonus option
2007-02-09,10.5612,102904,JM Equity & Derivative Fund-Bonus-Bonus option
2007-02-08,10.5452,102904,JM Equity & Derivative Fund-Bonus-Bonus option
2007-02-07,10.5388,102904,JM Equity & Derivative Fund-Bonus-Bonus option
2007-02-06,10.5426,102904,JM Equity & Derivative Fund-Bonus-Bonus option
2007-02-05,10.5337,102904,JM Equity & Derivative Fund-Bonus-Bonus option
2007-02-02,10.5328,102904,JM Equity & Derivative Fund-Bonus-Bonus option
2007-02-01,10.5236,102904,JM Equity & Derivative Fund-Bonus-Bonus option
2007-01-31,10.5311,102904,JM Equity & Derivative Fund-Bonus-Bonus option
2007-01-29,10.5279,102904,JM Equity & Derivative Fund-Bonus-Bonus option
2007-01-25,10.5157,102904,JM Equity & Derivative Fund-Bonus-Bonus option
2007-01-24,10.5109,102904,JM Equity & Derivative Fund-Bonus-Bonus option
2007-01-23,10.5096,102904,JM Equity & Derivative Fund-Bonus-Bonus option
2007-01-22,10.5069,102904,JM Equity & Derivative Fund-Bonus-Bonus option
2007-01-19,10.5045,102904,JM Equity & Derivative Fund-Bonus-Bonus option
2007-01-18,10.5027,102904,JM Equity & Derivative Fund-Bonus-Bonus option
2007-01-17,10.494,102904,JM Equity & Derivative Fund-Bonus-Bonus option
2007-01-16,10.4919,102904,JM Equity & Derivative Fund-Bonus-Bonus option
2007-01-15,10.4884,102904,JM Equity & Derivative Fund-Bonus-Bonus option
2007-01-12,10.4831,102904,JM Equity & Derivative Fund-Bonus-Bonus option
2007-01-11,10.4756,102904,JM Equity & Derivative Fund-Bonus-Bonus option
2007-01-10,10.4927,102904,JM Equity & Derivative Fund-Bonus-Bonus option
2007-01-09,10.4842,102904,JM Equity & Derivative Fund-Bonus-Bonus option
2007-01-08,10.4784,102904,JM Equity & Derivative Fund-Bonus-Bonus option
2007-01-05,10.4807,102904,JM Equity & Derivative Fund-Bonus-Bonus option
2007-01-04,10.4765,102904,JM Equity & Derivative Fund-Bonus-Bonus option
2007-01-03,10.4706,102904,JM Equity & Derivative Fund-Bonus-Bonus option
2007-01-02,10.4684,102904,JM Equity & Derivative Fund-Bonus-Bonus option
2006-12-29,10.468,102904,JM Equity & Derivative Fund-Bonus-Bonus option
2006-12-28,10.4556,102904,JM Equity & Derivative Fund-Bonus-Bonus option
2006-12-27,10.4581,102904,JM Equity & Derivative Fund-Bonus-Bonus option
2006-12-26,10.4596,102904,JM Equity & Derivative Fund-Bonus-Bonus option
2006-12-22,10.4569,102904,JM Equity & Derivative Fund-Bonus-Bonus option
2006-12-21,10.4559,102904,JM Equity & Derivative Fund-Bonus-Bonus option
2006-12-20,10.4592,102904,JM Equity & Derivative Fund-Bonus-Bonus option
2006-12-19,10.4573,102904,JM Equity & Derivative Fund-Bonus-Bonus option
2006-12-18,10.4444,102904,JM Equity & Derivative Fund-Bonus-Bonus option
2006-12-15,10.4449,102904,JM Equity & Derivative Fund-Bonus-Bonus option
2006-12-14,10.4454,102904,JM Equity & Derivative Fund-Bonus-Bonus option
2006-12-13,10.4456,102904,JM Equity & Derivative Fund-Bonus-Bonus option
2006-12-12,10.4496,102904,JM Equity & Derivative Fund-Bonus-Bonus option
2006-12-11,10.4483,102904,JM Equity & Derivative Fund-Bonus-Bonus option
2006-12-08,10.4298,102904,JM Equity & Derivative Fund-Bonus-Bonus option
2006-12-07,10.4225,102904,JM Equity & Derivative Fund-Bonus-Bonus option
2006-12-06,10.4206,102904,JM Equity & Derivative Fund-Bonus-Bonus option
2006-12-05,10.4151,102904,JM Equity & Derivative Fund-Bonus-Bonus option
2006-12-04,10.4076,102904,JM Equity & Derivative Fund-Bonus-Bonus option
2006-12-01,10.4063,102904,JM Equity & Derivative Fund-Bonus-Bonus option
2006-11-30,10.3861,102904,JM Equity & Derivative Fund-Bonus-Bonus option
2006-11-29,10.3935,102904,JM Equity & Derivative Fund-Bonus-Bonus option
2006-11-28,10.3946,102904,JM Equity & Derivative Fund-Bonus-Bonus option
2006-11-27,10.3925,102904,JM Equity & Derivative Fund-Bonus-Bonus option
2006-11-24,10.3915,102904,JM Equity & Derivative Fund-Bonus-Bonus option
2006-11-23,10.3868,102904,JM Equity & Derivative Fund-Bonus-Bonus option
2006-11-22,10.3861,102904,JM Equity & Derivative Fund-Bonus-Bonus option
2006-11-21,10.3794,102904,JM Equity & Derivative Fund-Bonus-Bonus option
2006-11-20,10.3771,102904,JM Equity & Derivative Fund-Bonus-Bonus option
2006-11-17,10.3852,102904,JM Equity & Derivative Fund-Bonus-Bonus option
2006-11-16,10.3843,102904,JM Equity & Derivative Fund-Bonus-Bonus option
2006-11-15,10.375,102904,JM Equity & Derivative Fund-Bonus-Bonus option
2006-11-14,10.378,102904,JM Equity & Derivative Fund-Bonus-Bonus option
2006-11-13,10.3707,102904,JM Equity & Derivative Fund-Bonus-Bonus option
2006-11-10,10.3651,102904,JM Equity & Derivative Fund-Bonus-Bonus option
2006-11-09,10.3664,102904,JM Equity & Derivative Fund-Bonus-Bonus option
2006-11-08,10.3609,102904,JM Equity & Derivative Fund-Bonus-Bonus option
2006-11-07,10.3671,102904,JM Equity & Derivative Fund-Bonus-Bonus option
2006-11-06,10.3606,102904,JM Equity & Derivative Fund-Bonus-Bonus option
2006-11-03,10.358,102904,JM Equity & Derivative Fund-Bonus-Bonus option
2006-11-02,10.3594,102904,JM Equity & Derivative Fund-Bonus-Bonus option
2006-11-01,10.3582,102904,JM Equity & Derivative Fund-Bonus-Bonus option
2006-10-31,10.3561,102904,JM Equity & Derivative Fund-Bonus-Bonus option
2006-10-30,10.349,102904,JM Equity & Derivative Fund-Bonus-Bonus option
2006-10-27,10.3432,102904,JM Equity & Derivative Fund-Bonus-Bonus option
2006-10-26,10.3283,102904,JM Equity & Derivative Fund-Bonus-Bonus option
2006-10-23,10.3344,102904,JM Equity & Derivative Fund-Bonus-Bonus option
2006-10-20,10.3272,102904,JM Equity & Derivative Fund-Bonus-Bonus option
2006-10-19,10.3218,102904,JM Equity & Derivative Fund-Bonus-Bonus option
2006-10-18,10.3217,102904,JM Equity & Derivative Fund-Bonus-Bonus option
2006-10-17,10.3232,102904,JM Equity & Derivative Fund-Bonus-Bonus option
2006-10-16,10.326,102904,JM Equity & Derivative Fund-Bonus-Bonus option
2006-10-13,10.3207,102904,JM Equity & Derivative Fund-Bonus-Bonus option
2006-10-12,10.3156,102904,JM Equity & Derivative Fund-Bonus-Bonus option
2006-10-11,10.3241,102904,JM Equity & Derivative Fund-Bonus-Bonus option
2006-10-10,10.3149,102904,JM Equity & Derivative Fund-Bonus-Bonus option
2006-10-09,10.3097,102904,JM Equity & Derivative Fund-Bonus-Bonus option
2006-10-06,10.3067,102904,JM Equity & Derivative Fund-Bonus-Bonus option
2006-10-05,10.2999,102904,JM Equity & Derivative Fund-Bonus-Bonus option
2006-10-04,10.3071,102904,JM Equity & Derivative Fund-Bonus-Bonus option
2006-10-03,10.3034,102904,JM Equity & Derivative Fund-Bonus-Bonus option
2006-09-29,10.2975,102904,JM Equity & Derivative Fund-Bonus-Bonus option
2006-09-28,10.2864,102904,JM Equity & Derivative Fund-Bonus-Bonus option
2006-09-27,10.289,102904,JM Equity & Derivative Fund-Bonus-Bonus option
2006-09-26,10.288,102904,JM Equity & Derivative Fund-Bonus-Bonus option
2006-09-25,10.2878,102904,JM Equity & Derivative Fund-Bonus-Bonus option
2006-09-22,10.2806,102904,JM Equity & Derivative Fund-Bonus-Bonus option
2006-09-21,10.2797,102904,JM Equity & Derivative Fund-Bonus-Bonus option
2006-09-20,10.2721,102904,JM Equity & Derivative Fund-Bonus-Bonus option
2006-09-19,10.284,102904,JM Equity & Derivative Fund-Bonus-Bonus option
2006-09-18,10.2757,102904,JM Equity & Derivative Fund-Bonus-Bonus option
2006-09-15,10.2684,102904,JM Equity & Derivative Fund-Bonus-Bonus option
2006-09-14,10.265,102904,JM Equity & Derivative Fund-Bonus-Bonus option
2006-09-13,10.2623,102904,JM Equity & Derivative Fund-Bonus-Bonus option
2006-09-12,10.2648,102904,JM Equity & Derivative Fund-Bonus-Bonus option
2006-09-11,10.2749,102904,JM Equity & Derivative Fund-Bonus-Bonus option
2006-09-08,10.257,102904,JM Equity & Derivative Fund-Bonus-Bonus option
2006-09-07,10.2559,102904,JM Equity & Derivative Fund-Bonus-Bonus option
2006-09-06,10.2572,102904,JM Equity & Derivative Fund-Bonus-Bonus option
2006-09-05,10.2525,102904,JM Equity & Derivative Fund-Bonus-Bonus option
2006-09-04,10.2517,102904,JM Equity & Derivative Fund-Bonus-Bonus option
2006-09-01,10.246,102904,JM Equity & Derivative Fund-Bonus-Bonus option
2006-08-31,10.2442,102904,JM Equity & Derivative Fund-Bonus-Bonus option
2006-08-30,10.243,102904,JM Equity & Derivative Fund-Bonus-Bonus option
2006-08-29,10.2418,102904,JM Equity & Derivative Fund-Bonus-Bonus option
2006-08-28,11.0594,102904,JM Equity & Derivative Fund-Bonus-Bonus option
2006-08-25,11.056,102904,JM Equity & Derivative Fund-Bonus-Bonus option
2006-08-24,11.0536,102904,JM Equity & Derivative Fund-Bonus-Bonus option
2006-08-23,11.0507,102904,JM Equity & Derivative Fund-Bonus-Bonus option
2006-08-22,11.0465,102904,JM Equity & Derivative Fund-Bonus-Bonus option
2006-08-21,11.0498,102904,JM Equity & Derivative Fund-Bonus-Bonus option
2006-08-18,11.0421,102904,JM Equity & Derivative Fund-Bonus-Bonus option
2006-08-17,11.0431,102904,JM Equity & Derivative Fund-Bonus-Bonus option
2006-08-16,11.0391,102904,JM Equity & Derivative Fund-Bonus-Bonus option
2006-08-14,11.0383,102904,JM Equity & Derivative Fund-Bonus-Bonus option
2006-08-11,11.0327,102904,JM Equity & Derivative Fund-Bonus-Bonus option
2006-08-10,11.0311,102904,JM Equity & Derivative Fund-Bonus-Bonus option
2006-08-09,11.0267,102904,JM Equity & Derivative Fund-Bonus-Bonus option
2006-08-08,11.0256,102904,JM Equity & Derivative Fund-Bonus-Bonus option
2006-08-07,11.0256,102904,JM Equity & Derivative Fund-Bonus-Bonus option
2006-08-04,11.0114,102904,JM Equity & Derivative Fund-Bonus-Bonus option
2006-08-03,11.0153,102904,JM Equity & Derivative Fund-Bonus-Bonus option
2006-08-02,11.0101,102904,JM Equity & Derivative Fund-Bonus-Bonus option
2006-08-01,11.0157,102904,JM Equity & Derivative Fund-Bonus-Bonus option
2006-07-31,11.0161,102904,JM Equity & Derivative Fund-Bonus-Bonus option
2006-07-28,11.0091,102904,JM Equity & Derivative Fund-Bonus-Bonus option
2006-07-27,11.0044,102904,JM Equity & Derivative Fund-Bonus-Bonus option
2006-07-26,11.0035,102904,JM Equity & Derivative Fund-Bonus-Bonus option
2006-07-25,11.0019,102904,JM Equity & Derivative Fund-Bonus-Bonus option
2006-07-24,11.001,102904,JM Equity & Derivative Fund-Bonus-Bonus option
2006-07-21,10.9965,102904,JM Equity & Derivative Fund-Bonus-Bonus option
2006-07-20,10.9935,102904,JM Equity & Derivative Fund-Bonus-Bonus option
2006-07-19,10.993,102904,JM Equity & Derivative Fund-Bonus-Bonus option
2006-07-18,10.9907,102904,JM Equity & Derivative Fund-Bonus-Bonus option
2006-07-17,10.9902,102904,JM Equity & Derivative Fund-Bonus-Bonus option
2006-07-14,10.9842,102904,JM Equity & Derivative Fund-Bonus-Bonus option
2006-07-13,10.9827,102904,JM Equity & Derivative Fund-Bonus-Bonus option
2006-07-12,10.9809,102904,JM Equity & Derivative Fund-Bonus-Bonus option
2006-07-11,10.9805,102904,JM Equity & Derivative Fund-Bonus-Bonus option
2006-07-10,10.9777,102904,JM Equity & Derivative Fund-Bonus-Bonus option
2006-07-07,10.975,102904,JM Equity & Derivative Fund-Bonus-Bonus option
2006-07-06,10.9713,102904,JM Equity & Derivative Fund-Bonus-Bonus option
2006-07-05,10.9694,102904,JM Equity & Derivative Fund-Bonus-Bonus option
2006-07-04,10.9681,102904,JM Equity & Derivative Fund-Bonus-Bonus option
2006-07-03,10.966,102904,JM Equity & Derivative Fund-Bonus-Bonus option
2006-06-30,10.9614,102904,JM Equity & Derivative Fund-Bonus-Bonus option
2006-06-29,10.9579,102904,JM Equity & Derivative Fund-Bonus-Bonus option
2006-06-28,10.9583,102904,JM Equity & Derivative Fund-Bonus-Bonus option
2006-06-27,10.9555,102904,JM Equity & Derivative Fund-Bonus-Bonus option
2006-06-26,10.9549,102904,JM Equity & Derivative Fund-Bonus-Bonus option
2006-06-23,10.9487,102904,JM Equity & Derivative Fund-Bonus-Bonus option
2006-06-22,10.9481,102904,JM Equity & Derivative Fund-Bonus-Bonus option
2006-06-21,10.9458,102904,JM Equity & Derivative Fund-Bonus-Bonus option
2006-06-20,10.947,102904,JM Equity & Derivative Fund-Bonus-Bonus option
2006-06-19,10.9437,102904,JM Equity & Derivative Fund-Bonus-Bonus option
2006-06-16,10.9397,102904,JM Equity & Derivative Fund-Bonus-Bonus option
2006-06-15,10.9382,102904,JM Equity & Derivative Fund-Bonus-Bonus option
2006-06-14,10.9363,102904,JM Equity & Derivative Fund-Bonus-Bonus option
2006-06-13,10.938,102904,JM Equity & Derivative Fund-Bonus-Bonus option
2006-06-12,10.9354,102904,JM Equity & Derivative Fund-Bonus-Bonus option
2006-06-09,10.9305,102904,JM Equity & Derivative Fund-Bonus-Bonus option
2006-06-08,10.9309,102904,JM Equity & Derivative Fund-Bonus-Bonus option
2006-06-07,10.9265,102904,JM Equity & Derivative Fund-Bonus-Bonus option
2006-06-06,10.9258,102904,JM Equity & Derivative Fund-Bonus-Bonus option
2006-06-05,10.9255,102904,JM Equity & Derivative Fund-Bonus-Bonus option
2006-06-02,10.9177,102904,JM Equity & Derivative Fund-Bonus-Bonus option
2006-06-01,10.9231,102904,JM Equity & Derivative Fund-Bonus-Bonus option
2006-05-31,10.9183,102904,JM Equity & Derivative Fund-Bonus-Bonus option
2006-05-30,10.9134,102904,JM Equity & Derivative Fund-Bonus-Bonus option
2006-05-29,10.9038,102904,JM Equity & Derivative Fund-Bonus-Bonus option
2006-05-26,10.8972,102904,JM Equity & Derivative Fund-Bonus-Bonus option
2006-05-25,10.8897,102904,JM Equity & Derivative Fund-Bonus-Bonus option
2006-05-24,10.8924,102904,JM Equity & Derivative Fund-Bonus-Bonus option
2006-05-23,10.8909,102904,JM Equity & Derivative Fund-Bonus-Bonus option
2006-05-22,10.8903,102904,JM Equity & Derivative Fund-Bonus-Bonus option
2006-05-19,10.8858,102904,JM Equity & Derivative Fund-Bonus-Bonus option
2006-05-18,10.8929,102904,JM Equity & Derivative Fund-Bonus-Bonus option
2006-05-17,10.8672,102904,JM Equity & Derivative Fund-Bonus-Bonus option
2006-05-16,10.8734,102904,JM Equity & Derivative Fund-Bonus-Bonus option
2006-05-15,10.8852,102904,JM Equity & Derivative Fund-Bonus-Bonus option
2006-05-12,10.8596,102904,JM Equity & Derivative Fund-Bonus-Bonus option
2006-05-11,10.844,102904,JM Equity & Derivative Fund-Bonus-Bonus option
2006-05-10,10.8392,102904,JM Equity & Derivative Fund-Bonus-Bonus option
2006-05-09,10.8387,102904,JM Equity & Derivative Fund-Bonus-Bonus option
2006-05-08,10.8314,102904,JM Equity & Derivative Fund-Bonus-Bonus option
2006-05-05,10.8322,102904,JM Equity & Derivative Fund-Bonus-Bonus option
2006-05-04,10.8371,102904,JM Equity & Derivative Fund-Bonus-Bonus option
2006-05-03,10.8155,102904,JM Equity & Derivative Fund-Bonus-Bonus option
2006-05-02,10.8162,102904,JM Equity & Derivative Fund-Bonus-Bonus option
2006-04-28,10.8114,102904,JM Equity & Derivative Fund-Bonus-Bonus option
2006-04-27,10.7638,102904,JM Equity & Derivative Fund-Bonus-Bonus option
2006-04-26,10.7767,102904,JM Equity & Derivative Fund-Bonus-Bonus option
2006-04-25,10.7849,102904,JM Equity & Derivative Fund-Bonus-Bonus option
2006-04-24,10.7717,102904,JM Equity & Derivative Fund-Bonus-Bonus option
2006-04-21,10.7545,102904,JM Equity & Derivative Fund-Bonus-Bonus option
2006-04-20,10.7536,102904,JM Equity & Derivative Fund-Bonus-Bonus option
2006-04-19,10.7486,102904,JM Equity & Derivative Fund-Bonus-Bonus option
2006-04-18,10.7573,102904,JM Equity & Derivative Fund-Bonus-Bonus option
2006-04-17,10.765,102904,JM Equity & Derivative Fund-Bonus-Bonus option
2006-04-13,10.7613,102904,JM Equity & Derivative Fund-Bonus-Bonus option
2006-04-12,10.7487,102904,JM Equity & Derivative Fund-Bonus-Bonus option
2006-04-10,10.7236,102904,JM Equity & Derivative Fund-Bonus-Bonus option
2006-04-07,10.7442,102904,JM Equity & Derivative Fund-Bonus-Bonus option
2006-04-05,10.7221,102904,JM Equity & Derivative Fund-Bonus-Bonus option
2006-04-04,10.7129,102904,JM Equity & Derivative Fund-Bonus-Bonus option
2006-04-03,10.7122,102904,JM Equity & Derivative Fund-Bonus-Bonus option
